Row ID,Order ID,Order Date,Ship Date,Ship Mode,Customer ID,Customer Name,Segment,Country/Region,City,State,Postal Code,Region,Product ID,Category,Sub-Category,Product Name,Sales,Quantity,Discount,Profit
198,CA-2021-107720,2021-11-06,2021-11-13,Standard Class,VM-21685,Valerie Mitchum,Home Office,United States,Westfield,New Jersey,7090,East,OFF-ST-10001414,Office Supplies,Storage,Decoflex Hanging Personal Folder File,46.26,3,0,12.0276
268,CA-2020-111010,2020-01-22,2020-01-28,Standard Class,PG-18895,Paul Gonzalez,Consumer,United States,Morristown,New Jersey,7960,East,OFF-FA-10003472,Office Supplies,Fasteners,Bagged Rubber Bands,7.56,6,0,0.3024
299,CA-2020-142545,2020-10-28,2020-11-03,Standard Class,JD-15895,Jonathan Doherty,Corporate,United States,Belleville,New Jersey,7109,East,OFF-PA-10002105,Office Supplies,Paper,Xerox 223,32.4,5,0,15.552
300,CA-2020-142545,2020-10-28,2020-11-03,Standard Class,JD-15895,Jonathan Doherty,Corporate,United States,Belleville,New Jersey,7109,East,OFF-ST-10002756,Office Supplies,Storage,"Tennsco Stur-D-Stor Boltless Shelving, 5 Shelves, 24"" Deep, Sand",1082.48,8,0,10.8248000000001
301,CA-2020-142545,2020-10-28,2020-11-03,Standard Class,JD-15895,Jonathan Doherty,Corporate,United States,Belleville,New Jersey,7109,East,OFF-PA-10004243,Office Supplies,Paper,Xerox 1939,56.91,3,0,27.3168
302,CA-2020-142545,2020-10-28,2020-11-03,Standard Class,JD-15895,Jonathan Doherty,Corporate,United States,Belleville,New Jersey,7109,East,FUR-FU-10001861,Furniture,Furnishings,"Floodlight Indoor Halogen Bulbs, 1 Bulb per Pack, 60 Watts",77.6,4,0,38.024
303,CA-2020-142545,2020-10-28,2020-11-03,Standard Class,JD-15895,Jonathan Doherty,Corporate,United States,Belleville,New Jersey,7109,East,OFF-BI-10002706,Office Supplies,Binders,Avery Premier Heavy-Duty Binder with Round Locking Rings,14.28,1,0,6.5688
307,CA-2018-111003,2018-06-01,2018-06-06,Standard Class,CR-12625,Corey Roper,Home Office,United States,Lakewood,New Jersey,8701,East,OFF-BI-10001072,Office Supplies,Binders,"GBC Clear Cover, 8-1/2 x 11, unpunched, 25 covers per pack",45.48,3,0,20.9208
308,CA-2018-111003,2018-06-01,2018-06-06,Standard Class,CR-12625,Corey Roper,Home Office,United States,Lakewood,New Jersey,8701,East,OFF-AR-10002135,Office Supplies,Art,Boston Heavy-Duty Trimline Electric Pencil Sharpeners,289.2,6,0,83.868
314,CA-2018-120887,2018-09-27,2018-10-03,Standard Class,TS-21205,Thomas Seio,Corporate,United States,Hackensack,New Jersey,7601,East,FUR-FU-10001588,Furniture,Furnishings,"Deflect-o SuperTray Unbreakable Stackable Tray, Letter, Black",87.54,3,0,37.6422
645,US-2021-127719,2021-07-21,2021-07-25,Standard Class,TW-21025,Tamara Willingham,Home Office,United States,Plainfield,New Jersey,7060,East,OFF-PA-10001934,Office Supplies,Paper,Xerox 1993,6.48,1,0,3.1752
823,CA-2021-101434,2021-06-20,2021-06-27,Standard Class,TR-21325,Toby Ritter,Consumer,United States,Belleville,New Jersey,7109,East,TEC-AC-10002402,Technology,Accessories,Razer Kraken PRO Over Ear PC and Music Headset,239.97,3,0,71.991
824,CA-2021-101434,2021-06-20,2021-06-27,Standard Class,TR-21325,Toby Ritter,Consumer,United States,Belleville,New Jersey,7109,East,OFF-LA-10003223,Office Supplies,Labels,Avery 508,9.82,2,0,4.8118
850,CA-2018-107755,2018-02-07,2018-02-12,Standard Class,CK-12760,Cyma Kinney,Corporate,United States,Linden,New Jersey,7036,East,TEC-AC-10000710,Technology,Accessories,Maxell DVD-RAM Discs,115.36,7,0,49.6048
859,CA-2021-161984,2021-04-10,2021-04-15,Standard Class,SJ-20125,Sanjit Jacobs,Home Office,United States,New Brunswick,New Jersey,8901,East,OFF-PA-10004569,Office Supplies,Paper,"Wirebound Message Books, Two 4 1/4"" x 5"" Forms per Page",7.61,1,0,3.5767
860,CA-2021-161984,2021-04-10,2021-04-15,Standard Class,SJ-20125,Sanjit Jacobs,Home Office,United States,New Brunswick,New Jersey,8901,East,OFF-FA-10000624,Office Supplies,Fasteners,OIC Binder Clips,7.16,2,0,3.58
1029,CA-2018-163552,2018-07-11,2018-07-15,Standard Class,LA-16780,Laura Armstrong,Corporate,United States,Hackensack,New Jersey,7601,East,OFF-PA-10000474,Office Supplies,Paper,Easy-staple paper,177.2,5,0,83.284
1030,CA-2018-163552,2018-07-11,2018-07-15,Standard Class,LA-16780,Laura Armstrong,Corporate,United States,Hackensack,New Jersey,7601,East,TEC-PH-10003885,Technology,Phones,Cisco SPA508G,197.97,3,0,57.4113
1031,CA-2018-163552,2018-07-11,2018-07-15,Standard Class,LA-16780,Laura Armstrong,Corporate,United States,Hackensack,New Jersey,7601,East,FUR-CH-10003379,Furniture,Chairs,Global Commerce Series High-Back Swivel/Tilt Chairs,854.94,3,0,213.735
1032,CA-2018-163552,2018-07-11,2018-07-15,Standard Class,LA-16780,Laura Armstrong,Corporate,United States,Hackensack,New Jersey,7601,East,FUR-FU-10000629,Furniture,Furnishings,9-3/4 Diameter Round Wall Clock,124.11,9,0,52.1262
1033,CA-2018-163552,2018-07-11,2018-07-15,Standard Class,LA-16780,Laura Armstrong,Corporate,United States,Hackensack,New Jersey,7601,East,OFF-LA-10001175,Office Supplies,Labels,Avery 514,14.4,5,0,7.056
1181,CA-2018-128146,2018-06-21,2018-06-25,Standard Class,DB-13060,Dave Brooks,Consumer,United States,Lakewood,New Jersey,8701,East,TEC-PH-10004539,Technology,Phones,Wireless Extenders zBoost YX545 SOHO Signal Booster,1322.93,7,0,357.1911
1182,CA-2018-128146,2018-06-21,2018-06-25,Standard Class,DB-13060,Dave Brooks,Consumer,United States,Lakewood,New Jersey,8701,East,OFF-AR-10001919,Office Supplies,Art,"OIC #2 Pencils, Medium Soft",3.76,2,0,1.0904
1462,US-2020-128902,2020-03-11,2020-03-15,Standard Class,MB-18085,Mick Brown,Consumer,United States,Vineland,New Jersey,8360,East,FUR-TA-10001095,Furniture,Tables,Chromcraft Round Conference Tables,244.006,2,0.3,-31.3722
1536,CA-2020-112389,2020-10-29,2020-11-02,Standard Class,JM-15655,Jim Mitchum,Corporate,United States,Bridgeton,New Jersey,8302,East,OFF-ST-10000419,Office Supplies,Storage,"Rogers Jumbo File, Granite",40.74,3,0,0.407399999999999
1537,CA-2020-112389,2020-10-29,2020-11-02,Standard Class,JM-15655,Jim Mitchum,Corporate,United States,Bridgeton,New Jersey,8302,East,OFF-AP-10001626,Office Supplies,Appliances,"Commercial WindTunnel Clean Air Upright Vacuum, Replacement Belts, Filtration Bags",11.67,3,0,3.0342
1695,CA-2019-156335,2019-09-25,2019-09-28,Second Class,PO-19195,Phillina Ober,Home Office,United States,Bayonne,New Jersey,7002,East,TEC-AC-10002006,Technology,Accessories,Memorex Micro Travel Drive 16 GB,63.96,4,0,19.8276
1696,CA-2019-156335,2019-09-25,2019-09-28,Second Class,PO-19195,Phillina Ober,Home Office,United States,Bayonne,New Jersey,7002,East,OFF-BI-10003314,Office Supplies,Binders,Tuff Stuff Recycled Round Ring Binders,14.46,3,0,7.0854
1697,CA-2019-156335,2019-09-25,2019-09-28,Second Class,PO-19195,Phillina Ober,Home Office,United States,Bayonne,New Jersey,7002,East,TEC-PH-10002726,Technology,Phones,netTALK DUO VoIP Telephone Service,104.98,2,0,52.49
1967,CA-2021-165841,2021-12-21,2021-12-28,Standard Class,DB-13210,Dean Braden,Consumer,United States,Paterson,New Jersey,7501,East,TEC-PH-10002103,Technology,Phones,Jabra SPEAK 410,281.97,3,0,78.9516
1968,CA-2021-165841,2021-12-21,2021-12-28,Standard Class,DB-13210,Dean Braden,Consumer,United States,Paterson,New Jersey,7501,East,OFF-SU-10000898,Office Supplies,Supplies,"Acme Hot Forged Carbon Steel Scissors with Nickel-Plated Handles, 3 7/8"" Cut, 8""L",69.5,5,0,20.155
1969,CA-2021-165841,2021-12-21,2021-12-28,Standard Class,DB-13210,Dean Braden,Consumer,United States,Paterson,New Jersey,7501,East,OFF-PA-10001144,Office Supplies,Paper,Xerox 1913,166.44,3,0,79.8912
2046,CA-2020-131835,2020-07-17,2020-07-21,Standard Class,MC-17590,Matt Collister,Corporate,United States,Perth Amboy,New Jersey,8861,East,OFF-AP-10004487,Office Supplies,Appliances,Kensington 4 Outlet MasterPiece Compact Power Control Center,162.64,2,0,45.5392
2047,CA-2020-131835,2020-07-17,2020-07-21,Standard Class,MC-17590,Matt Collister,Corporate,United States,Perth Amboy,New Jersey,8861,East,TEC-PH-10001760,Technology,Phones,Bose SoundLink Bluetooth Speaker,597,3,0,280.59
2048,CA-2020-131835,2020-07-17,2020-07-21,Standard Class,MC-17590,Matt Collister,Corporate,United States,Perth Amboy,New Jersey,8861,East,OFF-PA-10004071,Office Supplies,Paper,"Eaton Premium Continuous-Feed Paper, 25% Cotton, Letter Size, White, 1000 Shts/Box",55.48,1,0,26.6304
2441,CA-2020-146934,2020-05-22,2020-05-27,Standard Class,AF-10870,Art Ferguson,Consumer,United States,Passaic,New Jersey,7055,East,TEC-PH-10004614,Technology,Phones,AT&T 841000 Phone,345,5,0,86.25
2442,CA-2020-146934,2020-05-22,2020-05-27,Standard Class,AF-10870,Art Ferguson,Consumer,United States,Passaic,New Jersey,7055,East,FUR-TA-10003748,Furniture,Tables,Bevis 36 x 72 Conference Tables,174.286,2,0.3,-19.9184
2443,CA-2020-146934,2020-05-22,2020-05-27,Standard Class,AF-10870,Art Ferguson,Consumer,United States,Passaic,New Jersey,7055,East,OFF-AP-10003217,Office Supplies,Appliances,Eureka Sanitaire  Commercial Upright,662.84,4,0,172.3384
2444,CA-2020-146934,2020-05-22,2020-05-27,Standard Class,AF-10870,Art Ferguson,Consumer,United States,Passaic,New Jersey,7055,East,TEC-AC-10002399,Technology,Accessories,SanDisk Cruzer 32 GB USB Flash Drive,95.1,5,0,30.432
2445,CA-2020-146934,2020-05-22,2020-05-27,Standard Class,AF-10870,Art Ferguson,Consumer,United States,Passaic,New Jersey,7055,East,OFF-EN-10002973,Office Supplies,Envelopes,Ampad #10 Peel & Seel Holiday Envelopes,26.88,6,0,12.9024
2446,CA-2020-146934,2020-05-22,2020-05-27,Standard Class,AF-10870,Art Ferguson,Consumer,United States,Passaic,New Jersey,7055,East,TEC-PH-10001336,Technology,Phones,Digium D40 VoIP phone,257.98,2,0,74.8142
2460,CA-2021-138548,2021-08-15,2021-08-21,Standard Class,JG-15160,James Galang,Consumer,United States,Plainfield,New Jersey,7060,East,OFF-AP-10002578,Office Supplies,Appliances,"Fellowes Premier Superior Surge Suppressor, 10-Outlet, With Phone and Remote",97.84,2,0,25.4384
2518,CA-2021-123134,2021-05-02,2021-05-07,Standard Class,DW-13585,Dorothy Wardle,Corporate,United States,Westfield,New Jersey,7090,East,FUR-FU-10003975,Furniture,Furnishings,Eldon Advantage Chair Mats for Low to Medium Pile Carpets,129.93,3,0,12.993
2733,CA-2018-107594,2018-07-02,2018-07-06,Standard Class,EH-13945,Eric Hoffmann,Consumer,United States,Plainfield,New Jersey,7060,East,TEC-PH-10002923,Technology,Phones,"Logitech B530 USB Headset - headset - Full size, Binaural",73.98,2,0,19.9746
2734,CA-2018-107594,2018-07-02,2018-07-06,Standard Class,EH-13945,Eric Hoffmann,Consumer,United States,Plainfield,New Jersey,7060,East,OFF-AR-10000716,Office Supplies,Art,DIXON Ticonderoga Erasable Checking Pencils,5.58,1,0,2.1762
2878,CA-2020-152072,2020-01-15,2020-01-19,Standard Class,Dp-13240,Dean percer,Home Office,United States,Westfield,New Jersey,7090,East,OFF-EN-10003040,Office Supplies,Envelopes,Quality Park Security Envelopes,52.34,2,0,24.5998
2879,CA-2020-152072,2020-01-15,2020-01-19,Standard Class,Dp-13240,Dean percer,Home Office,United States,Westfield,New Jersey,7090,East,OFF-AR-10001573,Office Supplies,Art,American Pencil,4.66,2,0,1.3514
2880,CA-2020-152072,2020-01-15,2020-01-19,Standard Class,Dp-13240,Dean percer,Home Office,United States,Westfield,New Jersey,7090,East,TEC-AC-10000844,Technology,Accessories,Logitech Gaming G510s - Keyboard,254.97,3,0,91.7892
2881,CA-2020-102932,2020-09-19,2020-09-23,Second Class,SD-20485,Shirley Daniels,Home Office,United States,Orange,New Jersey,7050,East,OFF-BI-10000756,Office Supplies,Binders,Storex DuraTech Recycled Plastic Frosted Binders,25.44,6,0,12.72
2882,CA-2020-102932,2020-09-19,2020-09-23,Second Class,SD-20485,Shirley Daniels,Home Office,United States,Orange,New Jersey,7050,East,OFF-SU-10000381,Office Supplies,Supplies,Acme Forged Steel Scissors with Black Enamel Handles,27.93,3,0,8.0997
3220,US-2019-137008,2019-10-02,2019-10-08,Standard Class,JP-15460,Jennifer Patt,Corporate,United States,Lakewood,New Jersey,8701,East,OFF-PA-10001295,Office Supplies,Paper,Computer Printout Paper with Letter-Trim Perforations,94.85,5,0,45.528
3221,US-2019-137008,2019-10-02,2019-10-08,Standard Class,JP-15460,Jennifer Patt,Corporate,United States,Lakewood,New Jersey,8701,East,OFF-EN-10002500,Office Supplies,Envelopes,Globe Weis Peel & Seel First Class Envelopes,51.12,4,0,23.004
3222,US-2019-137008,2019-10-02,2019-10-08,Standard Class,JP-15460,Jennifer Patt,Corporate,United States,Lakewood,New Jersey,8701,East,TEC-AC-10000892,Technology,Accessories,NETGEAR N750 Dual Band Wi-Fi Gigabit Router,90,1,0,32.4
3463,CA-2019-152611,2019-02-20,2019-02-23,Second Class,KA-16525,Kelly Andreada,Consumer,United States,Perth Amboy,New Jersey,8861,East,OFF-AR-10003903,Office Supplies,Art,Sanford 52201 APSCO Electric Pencil Sharpener,286.79,7,0,74.5654
3987,CA-2021-112333,2021-04-08,2021-04-14,Standard Class,KF-16285,Karen Ferguson,Home Office,United States,Plainfield,New Jersey,7060,East,OFF-ST-10001780,Office Supplies,Storage,Tennsco 16-Compartment Lockers with Coat Rack,2591.56,4,0,621.9744
3988,CA-2021-112333,2021-04-08,2021-04-14,Standard Class,KF-16285,Karen Ferguson,Home Office,United States,Plainfield,New Jersey,7060,East,OFF-AP-10001962,Office Supplies,Appliances,Black & Decker Filter for Double Action Dustbuster Cordless Vac BLDV7210,41.95,5,0,10.4875
4278,US-2020-107440,2020-04-16,2020-04-20,Standard Class,BS-11365,Bill Shonely,Corporate,United States,Lakewood,New Jersey,8701,East,TEC-MA-10001047,Technology,Machines,"3D Systems Cube Printer, 2nd Generation, Magenta",9099.93,7,0,2365.9818
4279,US-2020-107440,2020-04-16,2020-04-20,Standard Class,BS-11365,Bill Shonely,Corporate,United States,Lakewood,New Jersey,8701,East,FUR-FU-10000550,Furniture,Furnishings,Stacking Trays by OIC,9.96,2,0,3.2868
4280,US-2020-107440,2020-04-16,2020-04-20,Standard Class,BS-11365,Bill Shonely,Corporate,United States,Lakewood,New Jersey,8701,East,OFF-BI-10002432,Office Supplies,Binders,Wilson Jones Standard D-Ring Binders,25.3,5,0,11.891
4327,CA-2020-153346,2020-01-25,2020-01-27,First Class,TB-21355,Todd Boyes,Corporate,United States,Plainfield,New Jersey,7060,East,OFF-AR-10000315,Office Supplies,Art,"Dixon Ticonderoga Maple Cedar Pencil, #2",9.21,3,0,2.3025
4328,CA-2020-153346,2020-01-25,2020-01-27,First Class,TB-21355,Todd Boyes,Corporate,United States,Plainfield,New Jersey,7060,East,OFF-PA-10000007,Office Supplies,Paper,"Telephone Message Books with Fax/Mobile Section, 4 1/4"" x 6""",18,5,0,8.28
4430,CA-2021-147725,2021-09-14,2021-09-14,Same Day,LT-17110,Liz Thompson,Consumer,United States,Orange,New Jersey,7050,East,OFF-AR-10001725,Office Supplies,Art,Boston Home & Office Model 2000 Electric Pencil Sharpeners,70.95,3,0,18.447
4653,CA-2021-132647,2021-02-17,2021-02-23,Standard Class,GH-14410,Gary Hansen,Home Office,United States,Perth Amboy,New Jersey,8861,East,OFF-PA-10001838,Office Supplies,Paper,"Adams Telephone Message Book W/Dividers/Space For Phone Numbers, 5 1/4""X8 1/2"", 300/Messages",11.76,2,0,5.7624
4654,CA-2021-132647,2021-02-17,2021-02-23,Standard Class,GH-14410,Gary Hansen,Home Office,United States,Perth Amboy,New Jersey,8861,East,OFF-ST-10003123,Office Supplies,Storage,Fellowes Bases and Tops For Staxonsteel/High-Stak Systems,166.45,5,0,39.948
4844,US-2020-139388,2020-11-07,2020-11-09,First Class,CC-12475,Cindy Chapman,Consumer,United States,Lakewood,New Jersey,8701,East,OFF-FA-10004968,Office Supplies,Fasteners,Rubber Band Ball,14.96,4,0,0.299200000000001
4861,CA-2020-101546,2020-12-18,2020-12-24,Standard Class,GK-14620,Grace Kelly,Corporate,United States,Morristown,New Jersey,7960,East,OFF-BI-10001359,Office Supplies,Binders,GBC DocuBind TL300 Electric Binding System,1793.98,2,0,843.1706
5033,CA-2020-155166,2020-12-26,2021-01-02,Standard Class,BB-11545,Brenda Bowman,Corporate,United States,Vineland,New Jersey,8360,East,FUR-CH-10003968,Furniture,Chairs,Novimex Turbo Task Chair,212.94,3,0,25.5528
5034,CA-2020-155166,2020-12-26,2021-01-02,Standard Class,BB-11545,Brenda Bowman,Corporate,United States,Vineland,New Jersey,8360,East,OFF-AP-10002765,Office Supplies,Appliances,Fellowes Advanced Computer Series Surge Protectors,26.49,1,0,7.4172
5592,CA-2018-164742,2018-10-13,2018-10-18,Second Class,ML-17395,Marina Lichtenstein,Corporate,United States,Lakewood,New Jersey,8701,East,FUR-CH-10002880,Furniture,Chairs,"Global High-Back Leather Tilter, Burgundy",245.98,2,0,27.0578
5593,CA-2018-164742,2018-10-13,2018-10-18,Second Class,ML-17395,Marina Lichtenstein,Corporate,United States,Lakewood,New Jersey,8701,East,OFF-BI-10004738,Office Supplies,Binders,Flexible Leather- Look Classic Collection Ring Binder,18.94,1,0,9.47
5646,CA-2021-127117,2021-04-14,2021-04-19,Standard Class,HM-14860,Harry Marie,Corporate,United States,Morristown,New Jersey,7960,East,FUR-FU-10004018,Furniture,Furnishings,Tensor Computer Mounted Lamp,74.45,5,0,20.1015
5902,CA-2020-159639,2020-11-27,2020-12-02,Standard Class,PC-18745,Pamela Coakley,Corporate,United States,Westfield,New Jersey,7090,East,FUR-FU-10001889,Furniture,Furnishings,Ultra Door Pull Handle,31.56,3,0,10.4148
6574,CA-2020-160535,2020-11-25,2020-11-30,Standard Class,BP-11050,Barry Pond,Corporate,United States,Plainfield,New Jersey,7060,East,OFF-ST-10000689,Office Supplies,Storage,"Fellowes Strictly Business Drawer File, Letter/Legal Size",563.4,4,0,67.608
6575,CA-2020-160535,2020-11-25,2020-11-30,Standard Class,BP-11050,Barry Pond,Corporate,United States,Plainfield,New Jersey,7060,East,TEC-MA-10004255,Technology,Machines,Konica Minolta magicolor 1690MF Multifunction Printer,319.92,8,0,118.3704
6667,CA-2021-122175,2021-05-12,2021-05-14,Second Class,CA-12775,Cynthia Arntzen,Consumer,United States,Vineland,New Jersey,8360,East,FUR-FU-10000719,Furniture,Furnishings,"DAX Cubicle Frames, 8-1/2 x 11",42.85,5,0,15.426
6668,CA-2021-122175,2021-05-12,2021-05-14,Second Class,CA-12775,Cynthia Arntzen,Consumer,United States,Vineland,New Jersey,8360,East,OFF-LA-10002271,Office Supplies,Labels,Smead Alpha-Z Color-Coded Second Alphabetical Labels and Starter Set,6.16,2,0,2.9568
6669,CA-2021-122175,2021-05-12,2021-05-14,Second Class,CA-12775,Cynthia Arntzen,Consumer,United States,Vineland,New Jersey,8360,East,OFF-SU-10004661,Office Supplies,Supplies,Acme Titanium Bonded Scissors,17,2,0,4.42
6670,CA-2021-122175,2021-05-12,2021-05-14,Second Class,CA-12775,Cynthia Arntzen,Consumer,United States,Vineland,New Jersey,8360,East,TEC-AC-10004859,Technology,Accessories,"Maxell Pro 80 Minute CD-R, 10/Pack",87.4,5,0,34.96
6751,CA-2020-154767,2020-06-28,2020-06-30,Second Class,BP-11155,Becky Pak,Consumer,United States,Paterson,New Jersey,7501,East,FUR-CH-10003535,Furniture,Chairs,"Global Armless Task Chair, Royal Blue",121.96,2,0,20.7332
6752,CA-2020-154767,2020-06-28,2020-06-30,Second Class,BP-11155,Becky Pak,Consumer,United States,Paterson,New Jersey,7501,East,OFF-AP-10000595,Office Supplies,Appliances,Disposable Triple-Filter Dust Bags,8.74,2,0,2.2724
6753,CA-2020-154767,2020-06-28,2020-06-30,Second Class,BP-11155,Becky Pak,Consumer,United States,Paterson,New Jersey,7501,East,OFF-PA-10003039,Office Supplies,Paper,Xerox 1960,61.96,2,0,27.882
6754,CA-2020-154767,2020-06-28,2020-06-30,Second Class,BP-11155,Becky Pak,Consumer,United States,Paterson,New Jersey,7501,East,OFF-BI-10002003,Office Supplies,Binders,Ibico Presentation Index for Binding Systems,7.96,2,0,3.7412
6755,CA-2020-154767,2020-06-28,2020-06-30,Second Class,BP-11155,Becky Pak,Consumer,United States,Paterson,New Jersey,7501,East,OFF-AP-10002311,Office Supplies,Appliances,"Holmes Replacement Filter for HEPA Air Cleaner, Very Large Room, HEPA Filter",275.24,4,0,121.1056
6756,CA-2021-124205,2021-09-15,2021-09-19,Standard Class,TC-21145,Theresa Coyne,Corporate,United States,Lakewood,New Jersey,8701,East,FUR-FU-10002445,Furniture,Furnishings,"DAX Two-Tone Rosewood/Black Document Frame, Desktop, 5 x 7",47.4,5,0,18.96
6757,CA-2021-124205,2021-09-15,2021-09-19,Standard Class,TC-21145,Theresa Coyne,Corporate,United States,Lakewood,New Jersey,8701,East,FUR-CH-10003606,Furniture,Chairs,SAFCO Folding Chair Trolley,512.96,4,0,143.6288
6758,CA-2021-124205,2021-09-15,2021-09-19,Standard Class,TC-21145,Theresa Coyne,Corporate,United States,Lakewood,New Jersey,8701,East,TEC-PH-10002115,Technology,Phones,Plantronics 81402,395.94,6,0,102.9444
6759,CA-2021-124205,2021-09-15,2021-09-19,Standard Class,TC-21145,Theresa Coyne,Corporate,United States,Lakewood,New Jersey,8701,East,OFF-ST-10000934,Office Supplies,Storage,"Contico 72""H Heavy-Duty Storage System",81.96,2,0,0
6769,CA-2018-109302,2018-08-12,2018-08-16,Standard Class,CS-12175,Charles Sheldon,Corporate,United States,Lakewood,New Jersey,8701,East,OFF-BI-10002854,Office Supplies,Binders,"Performers Binder/Pad Holder, Black",196.21,7,0,98.105
6838,CA-2019-116260,2019-07-06,2019-07-12,Standard Class,BF-10975,Barbara Fisher,Corporate,United States,Vineland,New Jersey,8360,East,OFF-AR-10003732,Office Supplies,Art,Newell 333,11.12,4,0,2.8912
7157,CA-2021-126718,2021-04-29,2021-05-04,Standard Class,KT-16480,Kean Thornton,Consumer,United States,Orange,New Jersey,7050,East,OFF-LA-10004055,Office Supplies,Labels,Color-Coded Legal Exhibit Labels,4.91,1,0,2.4059
7505,CA-2020-158043,2020-01-31,2020-02-04,Second Class,JK-15325,Jason Klamczynski,Corporate,United States,Atlantic City,New Jersey,8401,East,OFF-EN-10003134,Office Supplies,Envelopes,Staple envelope,23.36,2,0,11.68
7580,CA-2019-123113,2019-11-23,2019-11-27,Second Class,AT-10735,Annie Thurman,Consumer,United States,Morristown,New Jersey,7960,East,OFF-AP-10000275,Office Supplies,Appliances,"Sanyo Counter Height Refrigerator with Crisper, 3.6 Cubic Foot, Stainless Steel/Black",2625.12,8,0,735.0336
7581,CA-2019-123113,2019-11-23,2019-11-27,Second Class,AT-10735,Annie Thurman,Consumer,United States,Morristown,New Jersey,7960,East,OFF-AR-10004999,Office Supplies,Art,Newell 315,17.94,3,0,4.485
7982,CA-2018-113383,2018-09-10,2018-09-13,First Class,SF-20065,Sandra Flanagan,Consumer,United States,Clifton,New Jersey,7011,East,OFF-AP-10004532,Office Supplies,Appliances,Kensington 6 Outlet Guardian Standard Surge Protector,81.92,4,0,22.1184
7983,CA-2018-113383,2018-09-10,2018-09-13,First Class,SF-20065,Sandra Flanagan,Consumer,United States,Clifton,New Jersey,7011,East,FUR-FU-10001986,Furniture,Furnishings,"Dana Fluorescent Magnifying Lamp, White, 36""",254.9,5,0,76.47
8161,CA-2020-134138,2020-02-16,2020-02-20,Standard Class,JD-15790,John Dryer,Consumer,United States,Belleville,New Jersey,7109,East,FUR-CH-10001545,Furniture,Chairs,Hon Comfortask Task/Swivel Chairs,227.96,2,0,36.4736
8329,CA-2021-118577,2021-10-06,2021-10-11,Standard Class,XP-21865,Xylona Preis,Consumer,United States,Belleville,New Jersey,7109,East,OFF-PA-10001357,Office Supplies,Paper,Xerox 1886,143.7,3,0,68.976
8330,CA-2021-118577,2021-10-06,2021-10-11,Standard Class,XP-21865,Xylona Preis,Consumer,United States,Belleville,New Jersey,7109,East,OFF-PA-10004888,Office Supplies,Paper,Xerox 217,6.48,1,0,3.1104
8389,CA-2018-139423,2018-11-01,2018-11-05,Standard Class,DG-13300,Deirdre Greer,Corporate,United States,Orange,New Jersey,7050,East,OFF-AP-10004708,Office Supplies,Appliances,Fellowes Superior 10 Outlet Split Surge Protector,76.12,2,0,22.0748
8422,CA-2021-150091,2021-10-12,2021-10-16,Standard Class,NP-18670,Nora Paige,Consumer,United States,Lakewood,New Jersey,8701,East,TEC-AC-10002167,Technology,Accessories,Imation 8gb Micro Traveldrive Usb 2.0 Flash Drive,45,3,0,4.95
8423,CA-2021-150091,2021-10-12,2021-10-16,Standard Class,NP-18670,Nora Paige,Consumer,United States,Lakewood,New Jersey,8701,East,OFF-FA-10000621,Office Supplies,Fasteners,"OIC Colored Binder Clips, Assorted Sizes",17.9,5,0,8.771
8424,CA-2021-150091,2021-10-12,2021-10-16,Standard Class,NP-18670,Nora Paige,Consumer,United States,Lakewood,New Jersey,8701,East,FUR-FU-10004053,Furniture,Furnishings,DAX Two-Tone Silver Metal Document Frame,40.48,2,0,17.4064
8425,CA-2021-150091,2021-10-12,2021-10-16,Standard Class,NP-18670,Nora Paige,Consumer,United States,Lakewood,New Jersey,8701,East,FUR-BO-10003404,Furniture,Bookcases,"Global Adaptabilites Bookcase, Cherry/Storm Gray Finish",2154.9,5,0,129.294
8519,CA-2021-118003,2021-12-04,2021-12-10,Standard Class,DO-13645,"Doug O'Connell",Consumer,United States,Paterson,New Jersey,7501,East,FUR-FU-10002506,Furniture,Furnishings,"Tensor ""Hersey Kiss"" Styled Floor Lamp",12.99,1,0,1.5588
8520,CA-2021-118003,2021-12-04,2021-12-10,Standard Class,DO-13645,"Doug O'Connell",Consumer,United States,Paterson,New Jersey,7501,East,FUR-CH-10003817,Furniture,Chairs,"Global Value Steno Chair, Gray",182.22,3,0,45.555
8521,CA-2021-118003,2021-12-04,2021-12-10,Standard Class,DO-13645,"Doug O'Connell",Consumer,United States,Paterson,New Jersey,7501,East,FUR-CH-10004860,Furniture,Chairs,Global Low Back Tilter Chair,302.94,3,0,18.1764
8861,CA-2019-125934,2019-09-11,2019-09-18,Standard Class,SN-20560,Skye Norling,Home Office,United States,Paterson,New Jersey,7501,East,OFF-LA-10000414,Office Supplies,Labels,Avery 503,31.05,3,0,14.904
8862,CA-2019-125934,2019-09-11,2019-09-18,Standard Class,SN-20560,Skye Norling,Home Office,United States,Paterson,New Jersey,7501,East,FUR-FU-10002107,Furniture,Furnishings,Eldon Pizzaz Desk Accessories,8.92,4,0,3.9248
8863,CA-2019-125934,2019-09-11,2019-09-18,Standard Class,SN-20560,Skye Norling,Home Office,United States,Paterson,New Jersey,7501,East,OFF-BI-10004593,Office Supplies,Binders,Ibico Laser Imprintable Binding System Covers,209.6,4,0,96.416
8864,CA-2019-125934,2019-09-11,2019-09-18,Standard Class,SN-20560,Skye Norling,Home Office,United States,Paterson,New Jersey,7501,East,OFF-AP-10003860,Office Supplies,Appliances,Fellowes Advanced 8 Outlet Surge Suppressor with Phone/Fax Protection,111.04,4,0,29.9808
8865,CA-2019-125934,2019-09-11,2019-09-18,Standard Class,SN-20560,Skye Norling,Home Office,United States,Paterson,New Jersey,7501,East,OFF-PA-10000556,Office Supplies,Paper,Xerox 208,38.88,6,0,18.6624
8878,CA-2021-126928,2021-09-17,2021-09-23,Standard Class,GZ-14470,Gary Zandusky,Consumer,United States,Morristown,New Jersey,7960,East,TEC-MA-10004626,Technology,Machines,Lexmark 20R1285 X6650 Wireless All-in-One Printer,480,4,0,225.6
8879,CA-2021-126928,2021-09-17,2021-09-23,Standard Class,GZ-14470,Gary Zandusky,Consumer,United States,Morristown,New Jersey,7960,East,OFF-ST-10000615,Office Supplies,Storage,"SimpliFile Personal File, Black Granite, 15w x 6-15/16d x 11-1/4h",34.05,3,0,9.534
8979,CA-2018-119529,2018-11-03,2018-11-05,Second Class,DM-13345,Denise Monton,Corporate,United States,Orange,New Jersey,7050,East,OFF-BI-10000546,Office Supplies,Binders,Avery Durable Binders,5.76,2,0,2.8224
9201,CA-2020-152688,2020-10-17,2020-10-20,First Class,NR-18550,Nick Radford,Consumer,United States,Perth Amboy,New Jersey,8861,East,FUR-BO-10001337,Furniture,Bookcases,"O'Sullivan Living Dimensions 2-Shelf Bookcases",120.98,1,0,12.098
9202,CA-2020-152688,2020-10-17,2020-10-20,First Class,NR-18550,Nick Radford,Consumer,United States,Perth Amboy,New Jersey,8861,East,OFF-BI-10004584,Office Supplies,Binders,GBC ProClick 150 Presentation Binding System,315.98,1,0,148.5106
9369,CA-2020-154998,2020-04-07,2020-04-09,First Class,ES-14080,Erin Smith,Corporate,United States,Lakewood,New Jersey,8701,East,OFF-PA-10004243,Office Supplies,Paper,Xerox 1939,37.94,2,0,18.2112
9377,CA-2021-108756,2021-12-25,2021-12-29,Standard Class,PO-18865,"Patrick O'Donnell",Consumer,United States,East Orange,New Jersey,7017,East,TEC-AC-10003237,Technology,Accessories,Memorex Micro Travel Drive 4 GB,31.8,3,0,13.674
9488,US-2021-125213,2021-12-11,2021-12-13,First Class,NB-18655,Nona Balk,Corporate,United States,Paterson,New Jersey,7501,East,OFF-FA-10001561,Office Supplies,Fasteners,Stockwell Push Pins,6.54,3,0,2.1582
9783,CA-2019-149748,2019-05-31,2019-06-02,Second Class,EM-13825,Elizabeth Moffitt,Corporate,United States,Paterson,New Jersey,7501,East,OFF-PA-10002120,Office Supplies,Paper,Xerox 1889,274.8,5,0,134.652
9784,CA-2019-149748,2019-05-31,2019-06-02,Second Class,EM-13825,Elizabeth Moffitt,Corporate,United States,Paterson,New Jersey,7501,East,OFF-ST-10004340,Office Supplies,Storage,"Fellowes Mobile File Cart, Black",62.18,1,0,16.7886
9785,CA-2019-149748,2019-05-31,2019-06-02,Second Class,EM-13825,Elizabeth Moffitt,Corporate,United States,Paterson,New Jersey,7501,East,FUR-FU-10001847,Furniture,Furnishings,Eldon Image Series Black Desk Accessories,8.28,2,0,2.9808
9812,CA-2020-117583,2020-11-27,2020-11-30,First Class,CB-12025,Cassandra Brandow,Consumer,United States,East Orange,New Jersey,7017,East,OFF-PA-10001246,Office Supplies,Paper,Xerox 215,25.92,4,0,12.4416
9813,CA-2020-117583,2020-11-27,2020-11-30,First Class,CB-12025,Cassandra Brandow,Consumer,United States,East Orange,New Jersey,7017,East,OFF-AR-10000658,Office Supplies,Art,Newell 324,34.65,3,0,9.702
9814,CA-2020-117583,2020-11-27,2020-11-30,First Class,CB-12025,Cassandra Brandow,Consumer,United States,East Orange,New Jersey,7017,East,OFF-PA-10000100,Office Supplies,Paper,Xerox 1945,204.95,5,0,100.4255
9815,CA-2020-117583,2020-11-27,2020-11-30,First Class,CB-12025,Cassandra Brandow,Consumer,United States,East Orange,New Jersey,7017,East,OFF-BI-10004233,Office Supplies,Binders,"GBC Pre-Punched Binding Paper, Plastic, White, 8-1/2"" x 11""",79.95,5,0,38.376
9890,CA-2021-166499,2021-03-19,2021-03-20,First Class,VG-21805,Vivek Grady,Corporate,United States,Lakewood,New Jersey,8701,East,OFF-AR-10002467,Office Supplies,Art,Dixon Ticonderoga Pencils,8.94,3,0,2.4138
9968,CA-2021-153871,2021-12-11,2021-12-17,Standard Class,RB-19435,Richard Bierner,Consumer,United States,Plainfield,New Jersey,7060,East,OFF-BI-10004209,Office Supplies,Binders,"Fellowes Twister Kit, Gray/Clear, 3/pkg",40.2,5,0,18.09
9969,CA-2021-153871,2021-12-11,2021-12-17,Standard Class,RB-19435,Richard Bierner,Consumer,United States,Plainfield,New Jersey,7060,East,OFF-BI-10004600,Office Supplies,Binders,Ibico Ibimaster 300 Manual Binding System,735.98,2,0,331.191
9970,CA-2021-153871,2021-12-11,2021-12-17,Standard Class,RB-19435,Richard Bierner,Consumer,United States,Plainfield,New Jersey,7060,East,OFF-AP-10003622,Office Supplies,Appliances,"Bravo II Megaboss 12-Amp Hard Body Upright, Replacement Belts, 2 Belts per Pack",22.75,7,0,6.5975
